algorithm,mode,horizon,seed,avg_per_turn_reward,early_turn_reward,sentiment_improvement,immediate_regret,resolution_rate,mean_episode_reward,success_count,escalation_count,dropout_count,timeout_count
linucb,action_cb,1,1,-0.1929136894050503,-0.1929136894050503,0.0,0.0,0.0,-0.1929136894050503,0,0,2,198
linucb,strategy_cb,1,1,-0.17199312113746024,-0.17199312113746024,0.0,0.0,0.0,-0.17199312113746024,0,0,1,199
linucb_hybrid_k1,truncated_hybrid,1,1,-0.16929766894294518,-0.16929766894294518,0.0,0.0,0.0,-0.16929766894294518,0,0,0,200
linucb,action_cb,1,2,-0.17190051581843158,-0.17190051581843158,0.0,0.0,0.0,-0.17190051581843158,0,0,1,199
linucb,strategy_cb,1,2,-0.1706375633291067,-0.1706375633291067,0.0,0.0,0.0,-0.1706375633291067,0,0,0,200
linucb_hybrid_k1,truncated_hybrid,1,2,-0.16839331816572653,-0.16839331816572653,0.0,0.0,0.0,-0.16839331816572653,0,0,0,200
linucb,action_cb,1,3,-0.1702428512243591,-0.1702428512243591,0.0,0.0,0.0,-0.1702428512243591,0,0,1,199
linucb,strategy_cb,1,3,-0.18215204013204228,-0.18215204013204228,0.0,0.0,0.0,-0.18215204013204228,0,0,2,198
linucb_hybrid_k1,truncated_hybrid,1,3,-0.1863488954388999,-0.1863488954388999,0.0,0.0,0.0,-0.1863488954388999,0,0,2,198
linucb,action_cb,2,1,-0.1673613816390901,-0.1673613816390901,0.0,0.0,0.0,-0.3338859563699848,0,0,2,198
linucb,strategy_cb,2,1,-0.15552007864969844,-0.15552007864969844,0.0,0.0,0.005,-0.31026255690614846,1,0,2,197
linucb_hybrid_k1,truncated_hybrid,2,1,-0.15766306233556443,-0.15766306233556443,0.0,0.0,0.0,-0.3153261246711289,0,0,0,200
linucb_hybrid_k2,truncated_hybrid,2,1,-0.15766306233556443,-0.15766306233556443,0.0,0.0,0.0,-0.3153261246711289,0,0,0,200
linucb,action_cb,2,2,-0.1646398914999154,-0.1646398914999154,0.0,0.0,0.0,-0.3284565835423313,0,0,2,198
linucb,strategy_cb,2,2,-0.1637818728626261,-0.1637818728626261,0.0,0.0,0.005,-0.32674483636093915,1,0,5,194
linucb_hybrid_k1,truncated_hybrid,2,2,-0.1587540234189039,-0.1587540234189039,0.0,0.0,0.0,-0.31750804683780787,0,0,0,200
linucb_hybrid_k2,truncated_hybrid,2,2,-0.1587540234189039,-0.1587540234189039,0.0,0.0,0.0,-0.31750804683780787,0,0,0,200
linucb,action_cb,2,3,-0.17677635199513642,-0.17677635199513642,0.0,0.0,0.0,-0.35178494047032144,0,0,4,196
linucb,strategy_cb,2,3,-0.1656089200654085,-0.1656089200654085,0.0,0.0,0.0,-0.329561750930163,0,0,2,198
linucb_hybrid_k1,truncated_hybrid,2,3,-0.16970960092075138,-0.16970960092075138,0.0,0.0,0.0,-0.3377221058322952,0,0,2,198
linucb_hybrid_k2,truncated_hybrid,2,3,-0.17591211176444776,-0.17591211176444776,0.0,0.0,0.0,-0.3500651024112511,0,0,3,197
linucb,action_cb,3,1,-0.1615946704182695,-0.1615946704182695,0.0,0.0,0.0,-0.4823600911985345,0,0,2,198
linucb,strategy_cb,3,1,-0.1570991655749136,-0.1570991655749136,0.0,0.0,0.01,-0.46737001758536806,2,0,6,192
linucb_hybrid_k1,truncated_hybrid,3,1,-0.15578192903872926,-0.15578192903872926,0.0,0.0,0.0,-0.46734578711618774,0,0,0,200
linucb_hybrid_k2,truncated_hybrid,3,1,-0.15508832832701516,-0.15508832832701516,0.0,0.0,0.0,-0.46526498498104557,0,0,0,200
linucb_hybrid_k3,truncated_hybrid,3,1,-0.15508832832701516,-0.15508832832701516,0.0,0.0,0.0,-0.46526498498104557,0,0,0,200
linucb,action_cb,3,2,-0.16735183293524122,-0.16735183293524122,0.0,0.0,0.0,-0.49870846214701886,0,0,4,196
linucb,strategy_cb,3,2,-0.14444284758090079,-0.14444284758090079,0.0,0.0,0.01,-0.43188411426689344,2,0,3,195
linucb_hybrid_k1,truncated_hybrid,3,2,-0.15909126214710015,-0.15909126214710015,0.0,0.0,0.0,-0.476478330130565,0,0,1,199
linucb_hybrid_k2,truncated_hybrid,3,2,-0.15588358099074598,-0.15588358099074598,0.0,0.0,0.0,-0.4676507429722381,0,0,0,200
linucb_hybrid_k3,truncated_hybrid,3,2,-0.15588358099074598,-0.15588358099074598,0.0,0.0,0.0,-0.4676507429722381,0,0,0,200
linucb,action_cb,3,3,-0.16147274950584403,-0.16147274950584403,0.0,0.0,0.0,-0.48199615727494455,0,0,3,197
linucb,strategy_cb,3,3,-0.17607943807360532,-0.17607943807360532,0.0,0.0,0.0,-0.5247167254593438,0,0,5,195
linucb_hybrid_k1,truncated_hybrid,3,3,-0.17393998503876174,-0.17393998503876174,0.0,0.0,0.0,-0.5174714554903161,0,0,5,195
linucb_hybrid_k2,truncated_hybrid,3,3,-0.17614497455291867,-0.17614497455291867,0.0,0.0,0.0,-0.5249120241676976,0,0,5,195
linucb_hybrid_k3,truncated_hybrid,3,3,-0.17526441835285175,-0.17526441835285175,0.0,0.0,0.005,-0.5222879666914984,1,0,7,192
linucb,action_cb,5,1,-0.16292413393108895,-0.15538130270010556,0.0,0.0,0.0,-0.8081037042982016,0,0,7,193
linucb,strategy_cb,5,1,-0.15771943413437192,-0.1536713948036504,0.0,0.0,0.0,-0.7830769904771566,0,0,3,197
linucb_hybrid_k1,truncated_hybrid,5,1,-0.3165601583156804,-0.15413274657505008,0.0,0.0,0.0,-1.57488678762051,0,196,4,0
linucb_hybrid_k2,truncated_hybrid,5,1,-0.3688986282593839,-0.2565464498891009,0.0,0.0,0.0,-1.4885059650266137,0,199,1,0
linucb_hybrid_k3,truncated_hybrid,5,1,-0.3705606382318918,-0.2594348823278941,0.0,0.0,0.0,-1.4896537656922049,0,200,0,0
linucb_hybrid_k5,truncated_hybrid,5,1,-0.22766946431164387,-0.2594348823278941,0.0,0.0,0.0,-0.9152312465328083,0,66,1,133
linucb,action_cb,5,2,-0.15710353474054434,-0.1536713948036504,0.0,0.0,0.0,-0.7800190499868026,0,0,2,198
linucb,strategy_cb,5,2,-0.16121914555802425,-0.13735112852986303,0.0,0.0,0.025,-0.7730458029507264,5,0,11,165
linucb_hybrid_k1,truncated_hybrid,5,2,-0.3178482983820625,-0.1528528639423442,0.0,0.0,0.0,-1.5781168014669404,0,196,4,0
linucb_hybrid_k2,truncated_hybrid,5,2,-0.2908876979211378,-0.15291145484598614,0.0,0.0,0.0,-1.4457118586680548,0,197,3,0
linucb_hybrid_k3,truncated_hybrid,5,2,-0.22839437043955552,-0.153423792789838,0.0,0.0,0.0,-1.1339780492323934,0,196,4,0
linucb_hybrid_k5,truncated_hybrid,5,2,-0.15713488832275938,-0.153423792789838,0.0,0.0,0.03,-0.7786033716392728,6,0,14,180
linucb,action_cb,5,3,-0.15977969336848966,-0.15550372886094257,0.0,0.0,0.0,-0.790909482174024,0,0,4,196
linucb,strategy_cb,5,3,-0.1613217255708756,-0.12424690653296734,0.0,0.0,0.02,-0.7912830639251449,4,29,4,163
linucb_hybrid_k1,truncated_hybrid,5,3,-0.31755770873897926,-0.16606770084928438,0.0,0.0,0.0,-1.5623839269957778,0,194,6,0
linucb_hybrid_k2,truncated_hybrid,5,3,-0.31755770873897926,-0.16606770084928438,0.0,0.0,0.0,-1.5623839269957778,0,194,6,0
linucb_hybrid_k3,truncated_hybrid,5,3,-0.32976524293373927,-0.16766255246597336,0.0,0.0,0.0,-1.6240938214486662,0,195,5,0
linucb_hybrid_k5,truncated_hybrid,5,3,-0.16748878784054466,-0.16766255246597336,0.0,0.0,0.0,-0.8248822801146827,0,0,7,193
linucb,action_cb,8,1,-0.14376410162380154,-0.16352109211857513,0.0,0.0,0.03,-1.0271945061020622,6,124,70,0
linucb,strategy_cb,8,1,-0.10766206994338225,-0.15683849895293564,0.0,0.0,0.09,-0.8117720073731024,18,1,14,167
linucb_hybrid_k1,truncated_hybrid,8,1,-0.2639986270318222,-0.15413274657505008,0.0,0.0,0.005,-1.8215905265195738,1,192,7,0
linucb_hybrid_k2,truncated_hybrid,8,1,-0.35521466294533743,-0.3884365928728745,0.0,0.0,0.0,-1.3302789127302888,0,198,2,0
linucb_hybrid_k3,truncated_hybrid,8,1,-0.3702319194704467,-0.393838940190816,0.0,0.0,0.0,-1.3698581020406528,0,199,1,0
linucb_hybrid_k5,truncated_hybrid,8,1,-0.4076690383925221,-0.393838940190816,0.0,0.0,0.0,-1.204662008449903,0,199,1,0
linucb,action_cb,8,2,-0.16346089122973612,-0.15958267661099354,0.0,0.0,0.0,-1.2749949515919419,0,0,11,189
linucb,strategy_cb,8,2,-0.10548801825031812,-0.1505854261622462,0.0,0.0,0.095,-0.7895778166036314,19,1,22,158
linucb_hybrid_k1,truncated_hybrid,8,2,-0.20756109409885554,-0.15237810929739495,0.0,0.0,0.01,-1.3948105523443095,2,182,16,0
linucb_hybrid_k2,truncated_hybrid,8,2,-0.2437867161308917,-0.1585273746240237,0.0,0.0,0.005,-1.6589686032707183,1,189,10,0
linucb_hybrid_k3,truncated_hybrid,8,2,-0.26093877823301226,-0.15791473621530477,0.0,0.0,0.0,-1.7835165492226395,0,191,9,0
linucb_hybrid_k5,truncated_hybrid,8,2,-0.26347075687562255,-0.15791473621530477,0.0,0.0,0.0,-1.8008226232448805,0,191,9,0
linucb,action_cb,8,3,-0.1953115698850644,-0.15101649501905584,0.0,0.0,0.01,-1.4130792081184416,2,0,49,149
linucb,strategy_cb,8,3,-0.10225313640491372,-0.16246008786385283,0.0,0.0,0.135,-0.7101480323321258,27,21,26,126
linucb_hybrid_k1,truncated_hybrid,8,3,-0.19716358659576136,-0.14926097816020875,0.0,0.0,0.03,-1.3052229432639404,6,178,16,0
linucb_hybrid_k2,truncated_hybrid,8,3,-0.24736157548785875,-0.1640468329761452,0.0,0.0,0.005,-1.678348289685122,1,188,11,0
linucb_hybrid_k3,truncated_hybrid,8,3,-0.26106480723153874,-0.16750568195651414,0.0,0.0,0.0,-1.78307263339141,0,191,9,0
linucb_hybrid_k5,truncated_hybrid,8,3,-0.26086115706144314,-0.16750568195651414,0.0,0.0,0.0,-1.7842903143002713,0,192,8,0
linucb,action_cb,20,1,-0.11415000461393149,-0.17847957456711736,0.0,0.0,0.015,-0.6306787754919715,3,146,51,0
linucb,strategy_cb,20,1,-0.02375037134375306,-0.15651873810449643,0.0,0.0,0.11,-0.15639619529861393,22,159,19,0
linucb_hybrid_k1,truncated_hybrid,20,1,-0.1940991020526515,-0.15298774091725706,0.0,0.0,0.135,-1.388779075186722,27,0,42,0
linucb_hybrid_k2,truncated_hybrid,20,1,-0.24684018173421585,-0.18295681291134466,0.0,0.0,0.08,-1.61186638672443,16,14,43,0
linucb_hybrid_k3,truncated_hybrid,20,1,-0.2951058972922624,-0.20317817306262728,0.0,0.0,0.045,-1.7529290299160385,9,21,26,0
linucb_hybrid_k5,truncated_hybrid,20,1,-0.3596938864284682,-0.20317817306262728,0.0,0.0,0.01,-1.8811990260208886,2,47,34,0
linucb,action_cb,20,2,-0.1751524001925581,-0.14171498137861674,0.0,0.0,0.01,-2.982845375279264,2,0,67,131
linucb,strategy_cb,20,2,-0.026332414691452852,-0.15352694077268284,0.0,0.0,0.12,-0.17300396452284517,24,153,23,0
linucb_hybrid_k1,truncated_hybrid,20,2,-0.19366632226552052,-0.1528528639423442,0.0,0.0,0.135,-1.5822538529093026,27,0,32,0
linucb_hybrid_k2,truncated_hybrid,20,2,-0.21191848111135939,-0.1506065120246317,0.0,0.0,0.105,-1.8235585299632475,21,0,30,0
linucb_hybrid_k3,truncated_hybrid,20,2,-0.24418773239243258,-0.14999999999999997,0.0,0.0,0.055,-2.180596450264423,11,0,26,0
linucb_hybrid_k5,truncated_hybrid,20,2,-0.25962502158391576,-0.14999999999999997,0.0,0.0,0.015,-2.507977708500626,3,0,27,0
linucb,action_cb,20,3,-0.22280145434582874,-0.15550372886094257,0.0,0.0,0.09,-2.404027692391492,18,0,182,0
linucb,strategy_cb,20,3,-0.017564900321653528,-0.16246008786385283,0.0,0.0,0.175,-0.11680658713899598,35,133,16,0
linucb_hybrid_k1,truncated_hybrid,20,3,-0.2229690562758753,-0.16606770084928438,0.0,0.0,0.095,-1.8160829633670046,19,0,32,0
linucb_hybrid_k2,truncated_hybrid,20,3,-0.2530561224674767,-0.1640468329761452,0.0,0.0,0.06,-1.9637155103476192,12,0,36,0
linucb_hybrid_k3,truncated_hybrid,20,3,-0.2756942204993208,-0.1601908776903855,0.0,0.0,0.045,-1.9284810723927492,9,0,41,0
linucb_hybrid_k5,truncated_hybrid,20,3,-0.3082686790636302,-0.1601908776903855,0.0,0.0,0.03,-1.8850629724740986,6,0,33,0
thompson,action_cb,1,1,-0.18210889297884336,-0.18210889297884336,0.0,0.0,0.0,-0.18210889297884336,0,0,1,199
thompson,strategy_cb,1,1,-0.1721824612491681,-0.1721824612491681,0.0,0.0,0.0,-0.1721824612491681,0,0,1,199
thompson_hybrid_k1,truncated_hybrid,1,1,-0.16580145954135123,-0.16580145954135123,0.0,0.0,0.0,-0.16580145954135123,0,0,0,200
thompson,action_cb,1,2,-0.1899074126633851,-0.1899074126633851,0.0,0.0,0.0,-0.1899074126633851,0,0,2,198
thompson,strategy_cb,1,2,-0.17294474654894995,-0.17294474654894995,0.0,0.0,0.0,-0.17294474654894995,0,0,0,200
thompson_hybrid_k1,truncated_hybrid,1,2,-0.19049935442297092,-0.19049935442297092,0.0,0.0,0.0,-0.19049935442297092,0,0,2,198
thompson,action_cb,1,3,-0.1702428512243591,-0.1702428512243591,0.0,0.0,0.0,-0.1702428512243591,0,0,1,199
thompson,strategy_cb,1,3,-0.17866385764515172,-0.17866385764515172,0.0,0.0,0.0,-0.17866385764515172,0,0,2,198
thompson_hybrid_k1,truncated_hybrid,1,3,-0.1863488954388999,-0.1863488954388999,0.0,0.0,0.0,-0.1863488954388999,0,0,2,198
thompson,action_cb,2,1,-0.17870363591982572,-0.17870363591982572,0.0,0.0,0.0,-0.35562023548045324,0,0,4,196
thompson,strategy_cb,2,1,-0.16484759741993757,-0.16484759741993757,0.0,0.0,0.0,-0.32887095685277545,0,0,2,198
thompson_hybrid_k1,truncated_hybrid,2,1,-0.1590667404349857,-0.1590667404349857,0.0,0.0,0.0,-0.3181334808699714,0,0,0,200
thompson_hybrid_k2,truncated_hybrid,2,1,-0.16097603343329583,-0.16097603343329583,0.0,0.0,0.0,-0.32195206686659167,0,0,0,200
thompson,action_cb,2,2,-0.1646398914999154,-0.1646398914999154,0.0,0.0,0.0,-0.3284565835423313,0,0,2,198
thompson,strategy_cb,2,2,-0.16714465093461095,-0.16714465093461095,0.0,0.0,0.0,-0.33428930186922196,0,0,2,198
thompson_hybrid_k1,truncated_hybrid,2,2,-0.1587540234189039,-0.1587540234189039,0.0,0.0,0.0,-0.31750804683780787,0,0,0,200
thompson_hybrid_k2,truncated_hybrid,2,2,-0.1587540234189039,-0.1587540234189039,0.0,0.0,0.0,-0.31750804683780787,0,0,0,200
thompson,action_cb,2,3,-0.17070537142738917,-0.17070537142738917,0.0,0.0,0.005,-0.3405572159976415,1,0,3,196
thompson,strategy_cb,2,3,-0.1642452215401439,-0.1642452215401439,0.0,0.0,0.0,-0.32684799086488636,0,0,2,198
thompson_hybrid_k1,truncated_hybrid,2,3,-0.17402387502001698,-0.17402387502001698,0.0,0.0,0.0,-0.34630751128983384,0,0,2,198
thompson_hybrid_k2,truncated_hybrid,2,3,-0.15116600218339998,-0.15116600218339998,0.0,0.0,0.015,-0.30082034434496596,3,0,6,191
thompson,action_cb,3,1,-0.16897135812238345,-0.16897135812238345,0.0,0.0,0.0,-0.5018449336234788,0,0,4,196
thompson,strategy_cb,3,1,-0.1711783116646071,-0.1711783116646071,0.0,0.0,0.01,-0.5075436940855601,2,0,9,189
thompson_hybrid_k1,truncated_hybrid,3,1,-0.1571947426260395,-0.1571947426260395,0.0,0.0,0.0,-0.4715842278781185,0,0,0,200
thompson_hybrid_k2,truncated_hybrid,3,1,-0.1571947426260395,-0.1571947426260395,0.0,0.0,0.0,-0.4715842278781185,0,0,0,200
thompson_hybrid_k3,truncated_hybrid,3,1,-0.12337243695229555,-0.12337243695229555,0.0,0.0,0.025,-0.37011731085688665,5,0,2,193
thompson,action_cb,3,2,-0.19276225830290478,-0.19276225830290478,0.0,0.0,0.01,-0.5715400958681127,2,0,12,186
thompson,strategy_cb,3,2,-0.16343325933001712,-0.16343325933001712,0.0,0.0,0.0,-0.4894826116934013,0,0,4,196
thompson_hybrid_k1,truncated_hybrid,3,2,-0.1712241191671319,-0.1712241191671319,0.0,0.0,0.0,-0.5076795133305461,0,0,5,195
thompson_hybrid_k2,truncated_hybrid,3,2,-0.16669999165579766,-0.16669999165579766,0.0,0.0,0.0,-0.4950989752177191,0,0,4,196
thompson_hybrid_k3,truncated_hybrid,3,2,-0.16669999165579766,-0.16669999165579766,0.0,0.0,0.0,-0.4950989752177191,0,0,4,196
thompson,action_cb,3,3,-0.16147274950584403,-0.16147274950584403,0.0,0.0,0.0,-0.48199615727494455,0,0,3,197
thompson,strategy_cb,3,3,-0.16371665880958525,-0.16371665880958525,0.0,0.0,0.0,-0.48787564325256405,0,0,3,197
thompson_hybrid_k1,truncated_hybrid,3,3,-0.17393998503876174,-0.17393998503876174,0.0,0.0,0.0,-0.5174714554903161,0,0,5,195
thompson_hybrid_k2,truncated_hybrid,3,3,-0.17393998503876174,-0.17393998503876174,0.0,0.0,0.0,-0.5174714554903161,0,0,5,195
thompson_hybrid_k3,truncated_hybrid,3,3,-0.17428311174018274,-0.17428311174018274,0.0,0.0,0.0,-0.5184922574270437,0,0,5,195
thompson,action_cb,5,1,-0.205498991531109,-0.16352109211857513,0.0,0.0,0.005,-1.0059175635447788,1,0,29,170
thompson,strategy_cb,5,1,-0.1581419400284142,-0.1533468565335655,0.0,0.0,0.0,-0.7828026031406504,0,0,4,196
thompson_hybrid_k1,truncated_hybrid,5,1,-0.3165601583156804,-0.15413274657505008,0.0,0.0,0.0,-1.57488678762051,0,196,4,0
thompson_hybrid_k2,truncated_hybrid,5,1,-0.27905076692799397,-0.1537073656867291,0.0,0.0,0.0,-1.38548705779749,0,195,5,0
thompson_hybrid_k3,truncated_hybrid,5,1,-0.2785740693846036,-0.14287334685136013,0.0,0.0,0.005,-1.385905995188403,1,197,2,0
thompson_hybrid_k5,truncated_hybrid,5,1,-0.14790625036935445,-0.14287334685136013,0.0,0.0,0.015,-0.7350940643356918,3,0,4,193
thompson,action_cb,5,2,-0.15756029756282616,-0.1536713948036504,0.0,0.0,0.0,-0.7822868773994321,0,0,3,197
thompson,strategy_cb,5,2,-0.1658995573098947,-0.15352694077268284,0.0,0.0,0.0,-0.8187143153243304,0,0,10,190
thompson_hybrid_k1,truncated_hybrid,5,2,-0.3178482983820625,-0.1528528639423442,0.0,0.0,0.0,-1.5781168014669404,0,196,4,0
thompson_hybrid_k2,truncated_hybrid,5,2,-0.2908876979211378,-0.15291145484598614,0.0,0.0,0.0,-1.4457118586680548,0,197,3,0
thompson_hybrid_k3,truncated_hybrid,5,2,-0.22839437043955552,-0.153423792789838,0.0,0.0,0.0,-1.1339780492323934,0,196,4,0
thompson_hybrid_k5,truncated_hybrid,5,2,-0.16845268917746764,-0.153423792789838,0.0,0.0,0.005,-0.8355253383202398,1,0,8,191
thompson,action_cb,5,3,-0.11855743057348923,-0.16380365465594354,0.0,0.0,0.07,-0.5797458355043624,14,0,14,172
thompson,strategy_cb,5,3,-0.16135220960092667,-0.15780395351283308,0.0,0.0,0.0,-0.7978866764765826,0,0,4,196
thompson_hybrid_k1,truncated_hybrid,5,3,-0.2725146408115266,-0.14489924746594504,0.0,0.0,0.015,-1.3271463007521345,3,188,9,0
thompson_hybrid_k2,truncated_hybrid,5,3,-0.2725146408115266,-0.14489924746594504,0.0,0.0,0.015,-1.3271463007521345,3,188,9,0
thompson_hybrid_k3,truncated_hybrid,5,3,-0.2725146408115266,-0.14489924746594504,0.0,0.0,0.015,-1.3271463007521345,3,188,9,0
thompson_hybrid_k5,truncated_hybrid,5,3,-0.13313228159883622,-0.14489924746594504,0.0,0.0,0.05,-0.6423632587143848,10,0,17,173
thompson,action_cb,8,1,-0.08023774403619113,-0.16679494427395,0.0,0.0,0.03,-0.4593610846071943,6,170,24,0
thompson,strategy_cb,8,1,-0.10350620993299271,-0.1579336535585685,0.0,0.0,0.1,-0.7721563261001259,20,1,17,162
thompson_hybrid_k1,truncated_hybrid,8,1,-0.18676612139789014,-0.11367276009307692,0.0,0.0,0.065,-1.2391932154750012,13,175,12,0
thompson_hybrid_k2,truncated_hybrid,8,1,-0.29397983886101425,-0.25153952222090575,0.0,0.0,0.0,-1.5889610290437823,0,194,6,0
thompson_hybrid_k3,truncated_hybrid,8,1,-0.32034768916742284,-0.29231093096132144,0.0,0.0,0.0,-1.5168463082077472,0,197,3,0
thompson_hybrid_k5,truncated_hybrid,8,1,-0.3454567464347453,-0.29231093096132144,0.0,0.0,0.0,-1.3990998230607183,0,198,2,0
thompson,action_cb,8,2,-0.1789693137269795,-0.1536713948036504,0.0,0.0,0.015,-1.4031194196195196,3,0,31,166
thompson,strategy_cb,8,2,-0.10686593370263976,-0.1505854261622462,0.0,0.0,0.095,-0.8004258434327718,19,0,22,159
thompson_hybrid_k1,truncated_hybrid,8,2,-0.24957379880713584,-0.1528528639423442,0.0,0.0,0.01,-1.7133241288109877,2,190,8,0
thompson_hybrid_k2,truncated_hybrid,8,2,-0.24425992236304836,-0.15291145484598614,0.0,0.0,0.005,-1.6817295654695883,1,191,8,0
thompson_hybrid_k3,truncated_hybrid,8,2,-0.21092700659459668,-0.153423792789838,0.0,0.0,0.0,-1.4490685353048791,0,189,11,0
thompson_hybrid_k5,truncated_hybrid,8,2,-0.08242163549664606,-0.153423792789838,0.0,0.0,0.03,-0.5514007414725624,6,167,27,0
thompson,action_cb,8,3,-0.19213107946324237,-0.15550372886094257,0.0,0.0,0.045,-1.4448257175635826,9,0,64,127
thompson,strategy_cb,8,3,-0.08896104856999724,-0.16246008786385283,0.0,0.0,0.13,-0.6574221489322798,26,0,24,150
thompson_hybrid_k1,truncated_hybrid,8,3,-0.24136937624766325,-0.16606770084928438,0.0,0.0,0.03,-1.6292432896717273,6,186,8,0
thompson_hybrid_k2,truncated_hybrid,8,3,-0.24775204217230082,-0.1640468329761452,0.0,0.0,0.005,-1.6809976061390615,1,188,11,0
thompson_hybrid_k3,truncated_hybrid,8,3,-0.21694925735060133,-0.1601908776903855,0.0,0.0,0.005,-1.4557295168225353,1,184,15,0
thompson_hybrid_k5,truncated_hybrid,8,3,-0.09703535352519618,-0.1601908776903855,0.0,0.0,0.02,-0.6278187373080192,4,159,37,0
thompson,action_cb,20,1,-0.21857872140827306,-0.16204474431125515,0.0,0.0,0.09,-2.34534968071077,18,0,182,0
thompson,strategy_cb,20,1,-0.02375037134375306,-0.15651873810449643,0.0,0.0,0.11,-0.15639619529861393,22,159,19,0
thompson_hybrid_k1,truncated_hybrid,20,1,-0.163471510513048,-0.11367276009307692,0.0,0.0,0.17,-1.2227668986375992,34,0,42,0
thompson_hybrid_k2,truncated_hybrid,20,1,-0.163471510513048,-0.11367276009307692,0.0,0.0,0.17,-1.2227668986375992,34,0,42,0
thompson_hybrid_k3,truncated_hybrid,20,1,-0.163471510513048,-0.11367276009307692,0.0,0.0,0.17,-1.2227668986375992,34,0,42,0
thompson_hybrid_k5,truncated_hybrid,20,1,-0.15054330630007848,-0.11367276009307692,0.0,0.0,0.185,-1.1606888915736056,37,0,37,0
thompson,action_cb,20,2,-0.024655091756137743,-0.14291060749907045,0.0,0.0,0.03,-0.1199470213936101,6,185,9,0
thompson,strategy_cb,20,2,-0.026332414691452852,-0.15352694077268284,0.0,0.0,0.12,-0.17300396452284517,24,153,23,0
thompson_hybrid_k1,truncated_hybrid,20,2,-0.16125724521429466,-0.12826890128123247,0.0,0.0,0.18,-1.1997539043943521,36,0,39,0
thompson_hybrid_k2,truncated_hybrid,20,2,-0.24621112850977428,-0.2630984918977316,0.0,0.0,0.085,-1.493270494411781,17,65,31,0
thompson_hybrid_k3,truncated_hybrid,20,2,-0.30417814224237627,-0.32827372855382714,0.0,0.0,0.04,-1.5786845582379325,8,105,24,0
thompson_hybrid_k5,truncated_hybrid,20,2,-0.33093272714840183,-0.32827372855382714,0.0,0.0,0.015,-1.4163920721951597,3,159,12,0
thompson,action_cb,20,3,-0.06035753069914226,-0.13630741439031022,0.0,0.0,0.05,-0.33800217191519666,10,161,29,0
thompson,strategy_cb,20,3,-0.026648866883901414,-0.16246008786385283,0.0,0.0,0.175,-0.178147675118881,35,126,16,0
thompson_hybrid_k1,truncated_hybrid,20,3,-0.21123604532012105,-0.14489924746594504,0.0,0.0,0.12,-1.5726523574083011,24,0,38,0
thompson_hybrid_k2,truncated_hybrid,20,3,-0.2762446379666696,-0.259137894103333,0.0,0.0,0.05,-1.689235961166185,10,64,28,0
thompson_hybrid_k3,truncated_hybrid,20,3,-0.32054720136947445,-0.3190934302155841,0.0,0.0,0.02,-1.670050919134962,4,104,23,0
thompson_hybrid_k5,truncated_hybrid,20,3,-0.3418629954725617,-0.3190934302155841,0.0,0.0,0.005,-1.553767314422793,1,145,16,0
epsilon,action_cb,1,1,-0.1929136894050503,-0.1929136894050503,0.0,0.0,0.0,-0.1929136894050503,0,0,2,198
epsilon,strategy_cb,1,1,-0.1769702008153478,-0.1769702008153478,0.0,0.0,0.0,-0.1769702008153478,0,0,2,198
epsilon_hybrid_k1,truncated_hybrid,1,1,-0.16929766894294518,-0.16929766894294518,0.0,0.0,0.0,-0.16929766894294518,0,0,0,200
epsilon,action_cb,1,2,-0.1899074126633851,-0.1899074126633851,0.0,0.0,0.0,-0.1899074126633851,0,0,2,198
epsilon,strategy_cb,1,2,-0.16856372060704236,-0.16856372060704236,0.0,0.0,0.0,-0.16856372060704236,0,0,0,200
epsilon_hybrid_k1,truncated_hybrid,1,2,-0.19049935442297092,-0.19049935442297092,0.0,0.0,0.0,-0.19049935442297092,0,0,2,198
epsilon,action_cb,1,3,-0.1702428512243591,-0.1702428512243591,0.0,0.0,0.0,-0.1702428512243591,0,0,1,199
epsilon,strategy_cb,1,3,-0.17870501788455326,-0.17870501788455326,0.0,0.0,0.0,-0.17870501788455326,0,0,2,198
epsilon_hybrid_k1,truncated_hybrid,1,3,-0.1863488954388999,-0.1863488954388999,0.0,0.0,0.0,-0.1863488954388999,0,0,2,198
epsilon,action_cb,2,1,-0.17870363591982572,-0.17870363591982572,0.0,0.0,0.0,-0.35562023548045324,0,0,4,196
epsilon,strategy_cb,2,1,-0.16480322701254035,-0.16480322701254035,0.0,0.0,0.0,-0.32878243789001815,0,0,2,198
epsilon_hybrid_k1,truncated_hybrid,2,1,-0.1590667404349857,-0.1590667404349857,0.0,0.0,0.0,-0.3181334808699714,0,0,0,200
epsilon_hybrid_k2,truncated_hybrid,2,1,-0.16097603343329583,-0.16097603343329583,0.0,0.0,0.0,-0.32195206686659167,0,0,0,200
epsilon,action_cb,2,2,-0.17635470376400128,-0.17635470376400128,0.0,0.0,0.0,-0.3518276340091826,0,0,3,197
epsilon,strategy_cb,2,2,-0.16057386108550623,-0.16057386108550623,0.0,0.0,0.0,-0.32114772217101256,0,0,1,199
epsilon_hybrid_k1,truncated_hybrid,2,2,-0.1587540234189039,-0.1587540234189039,0.0,0.0,0.0,-0.31750804683780787,0,0,0,200
epsilon_hybrid_k2,truncated_hybrid,2,2,-0.16794840017739754,-0.16794840017739754,0.0,0.0,0.0,-0.3358968003547951,0,0,1,199
epsilon,action_cb,2,3,-0.16653245549978934,-0.16653245549978934,0.0,0.0,0.0,-0.3322322487220798,0,0,2,198
epsilon,strategy_cb,2,3,-0.16446160967053192,-0.16446160967053192,0.0,0.0,0.0,-0.32727860324435853,0,0,2,198
epsilon_hybrid_k1,truncated_hybrid,2,3,-0.16796044279572508,-0.16796044279572508,0.0,0.0,0.0,-0.334241281163493,0,0,2,198
epsilon_hybrid_k2,truncated_hybrid,2,3,-0.17388549420293523,-0.17388549420293523,0.0,0.0,0.0,-0.34603213346384115,0,0,2,198
epsilon,action_cb,3,1,-0.1615946704182695,-0.1615946704182695,0.0,0.0,0.0,-0.4823600911985345,0,0,2,198
epsilon,strategy_cb,3,1,-0.1599257697228489,-0.1599257697228489,0.0,0.0,0.0,-0.47737842262270397,0,0,2,198
epsilon_hybrid_k1,truncated_hybrid,3,1,-0.15578192903872926,-0.15578192903872926,0.0,0.0,0.0,-0.46734578711618774,0,0,0,200
epsilon_hybrid_k2,truncated_hybrid,3,1,-0.15877993029984755,-0.15877993029984755,0.0,0.0,0.0,-0.47633979089954265,0,0,1,199
epsilon_hybrid_k3,truncated_hybrid,3,1,-0.15864874007900417,-0.15864874007900417,0.0,0.0,0.005,-0.4759462202370126,1,0,2,197
epsilon,action_cb,3,2,-0.16892566180361407,-0.16892566180361407,0.0,0.0,0.0,-0.5017092155567339,0,0,5,195
epsilon,strategy_cb,3,2,-0.16204599602950698,-0.16204599602950698,0.0,0.0,0.0,-0.48613798808852093,0,0,2,198
epsilon_hybrid_k1,truncated_hybrid,3,2,-0.1712241191671319,-0.1712241191671319,0.0,0.0,0.0,-0.5076795133305461,0,0,5,195
epsilon_hybrid_k2,truncated_hybrid,3,2,-0.18030969968020252,-0.18030969968020252,0.0,0.0,0.0,-0.5319136140565974,0,0,9,191
epsilon_hybrid_k3,truncated_hybrid,3,2,-0.1773317660937518,-0.1773317660937518,0.0,0.0,0.01,-0.523128709976568,2,0,11,187
epsilon,action_cb,3,3,-0.16797984820188466,-0.16797984820188466,0.0,0.0,0.0,-0.49974004840060693,0,0,5,195
epsilon,strategy_cb,3,3,-0.16945801742796987,-0.16945801742796987,0.0,0.0,0.0,-0.5049848919353502,0,0,4,196
epsilon_hybrid_k1,truncated_hybrid,3,3,-0.17812237150703436,-0.17812237150703436,0.0,0.0,0.0,-0.5299140552334274,0,0,6,194
epsilon_hybrid_k2,truncated_hybrid,3,3,-0.17723674848475032,-0.17723674848475032,0.0,0.0,0.0,-0.5272793267421323,0,0,6,194
epsilon_hybrid_k3,truncated_hybrid,3,3,-0.17420532748648465,-0.17420532748648465,0.0,0.0,0.0,-0.5182608492722919,0,0,5,195
epsilon,action_cb,5,1,-0.18249000415384078,-0.1632841736737046,0.0,0.0,0.0,-0.885988970166897,0,0,18,182
epsilon,strategy_cb,5,1,-0.15849034908670773,-0.1533468565335655,0.0,0.0,0.0,-0.7845272279792033,0,0,4,196
epsilon_hybrid_k1,truncated_hybrid,5,1,-0.2559992462242827,-0.15298774091725706,0.0,0.0,0.005,-1.2492763215744997,1,188,11,0
epsilon_hybrid_k2,truncated_hybrid,5,1,-0.1649631885026641,-0.1509047523376979,0.0,0.0,0.005,-0.8041955439504876,1,187,12,0
epsilon_hybrid_k3,truncated_hybrid,5,1,-0.06220784763806549,-0.1495831921896191,0.0,0.0,0.01,-0.30139702180642736,2,184,14,0
epsilon_hybrid_k5,truncated_hybrid,5,1,-0.18556871325537377,-0.1495831921896191,0.0,0.0,0.035,-0.8907298236257942,7,0,37,156
epsilon,action_cb,5,2,-0.15951250475013887,-0.15651873810449643,0.0,0.0,0.0,-0.7855990858944341,0,0,6,194
epsilon,strategy_cb,5,2,-0.15662910271524175,-0.13683244995465277,0.0,0.0,0.01,-0.7698320398454132,2,3,10,185
epsilon_hybrid_k1,truncated_hybrid,5,2,-0.2689982752853422,-0.12826890128123247,0.0,0.0,0.015,-1.3234715144038836,3,191,6,0
epsilon_hybrid_k2,truncated_hybrid,5,2,-0.30473594029656625,-0.15331063750827756,0.0,0.0,0.0,-1.5099665841694856,0,195,5,0
epsilon_hybrid_k3,truncated_hybrid,5,2,-0.32502142109085075,-0.15331063750827756,0.0,0.0,0.0,-1.6104811415051652,0,195,5,0
epsilon_hybrid_k5,truncated_hybrid,5,2,-0.16674253270572117,-0.15331063750827756,0.0,0.0,0.0,-0.8262092495568484,0,0,7,193
epsilon,action_cb,5,3,-0.16294478358468925,-0.15550372886094257,0.0,0.0,0.0,-0.8065766787442118,0,0,5,195
epsilon,strategy_cb,5,3,-0.15877484593630956,-0.15780395351283308,0.0,0.0,0.005,-0.7843477389253694,1,0,6,193
epsilon_hybrid_k1,truncated_hybrid,5,3,-0.26211176247602325,-0.14926097816020875,0.0,0.0,0.01,-1.2804159596953735,2,189,9,0
epsilon_hybrid_k2,truncated_hybrid,5,3,-0.28878840080416823,-0.1640468329761452,0.0,0.0,0.0,-1.4193949899524874,0,192,8,0
epsilon_hybrid_k3,truncated_hybrid,5,3,-0.29717829489433145,-0.16750568195651414,0.0,0.0,0.0,-1.4621172108801108,0,193,7,0
epsilon_hybrid_k5,truncated_hybrid,5,3,-0.16854155748512098,-0.16750568195651414,0.0,0.0,0.0,-0.8292244628267954,0,0,8,192
epsilon,action_cb,8,1,-0.16208967123404852,-0.16204474431125515,0.0,0.0,0.0,-1.2602471938447275,0,0,13,187
epsilon,strategy_cb,8,1,-0.11692190709169512,-0.15651873810449643,0.0,0.0,0.1,-0.7874690442625668,20,37,17,126
epsilon_hybrid_k1,truncated_hybrid,8,1,-0.18676612139789014,-0.11367276009307692,0.0,0.0,0.065,-1.2391932154750012,13,175,12,0
epsilon_hybrid_k2,truncated_hybrid,8,1,-0.18676612139789014,-0.11367276009307692,0.0,0.0,0.065,-1.2391932154750012,13,175,12,0
epsilon_hybrid_k3,truncated_hybrid,8,1,-0.18676612139789014,-0.11367276009307692,0.0,0.0,0.065,-1.2391932154750012,13,175,12,0
epsilon_hybrid_k5,truncated_hybrid,8,1,-0.13771001888415227,-0.11367276009307692,0.0,0.0,0.095,-0.9040662739744598,19,168,13,0
epsilon,action_cb,8,2,-0.032020236614769944,-0.14171498137861674,0.0,0.0,0.01,-0.15673905822929884,2,189,9,0
epsilon,strategy_cb,8,2,-0.10911349211114693,-0.1505854261622462,0.0,0.0,0.09,-0.8199878932152694,18,0,21,161
epsilon_hybrid_k1,truncated_hybrid,8,2,-0.24957379880713584,-0.1528528639423442,0.0,0.0,0.01,-1.7133241288109877,2,190,8,0
epsilon_hybrid_k2,truncated_hybrid,8,2,-0.5819228262302029,-0.5819228262302029,0.0,0.0,0.0,-1.1638456524604057,0,200,0,0
epsilon_hybrid_k3,truncated_hybrid,8,2,-0.5819228262302029,-0.5819228262302029,0.0,0.0,0.0,-1.1638456524604057,0,200,0,0
epsilon_hybrid_k5,truncated_hybrid,8,2,-0.5819228262302029,-0.5819228262302029,0.0,0.0,0.0,-1.1638456524604057,0,200,0,0
epsilon,action_cb,8,3,-0.15818792488423444,-0.15550372886094257,0.0,0.0,0.0,-1.2473117877121884,0,0,6,194
epsilon,strategy_cb,8,3,-0.08628110861837629,-0.16246008786385283,0.0,0.0,0.14,-0.6345975538881576,28,0,27,145
epsilon_hybrid_k1,truncated_hybrid,8,3,-0.24136937624766325,-0.16606770084928438,0.0,0.0,0.03,-1.6292432896717273,6,186,8,0
epsilon_hybrid_k2,truncated_hybrid,8,3,-0.24136937624766325,-0.16606770084928438,0.0,0.0,0.03,-1.6292432896717273,6,186,8,0
epsilon_hybrid_k3,truncated_hybrid,8,3,-0.27527236569489966,-0.16766255246597336,0.0,0.0,0.0,-1.886992066838537,0,193,7,0
epsilon_hybrid_k5,truncated_hybrid,8,3,-0.28133191930135265,-0.16766255246597336,0.0,0.0,0.0,-1.9285303068107729,0,193,7,0
epsilon,action_cb,20,1,-0.05259659774383324,-0.15966964702300077,0.0,0.0,0.02,-0.25220068618168034,4,177,19,0
epsilon,strategy_cb,20,1,-0.02375037134375306,-0.15651873810449643,0.0,0.0,0.11,-0.15639619529861393,22,159,19,0
epsilon_hybrid_k1,truncated_hybrid,20,1,-0.1940991020526515,-0.15298774091725706,0.0,0.0,0.135,-1.388779075186722,27,0,42,0
epsilon_hybrid_k2,truncated_hybrid,20,1,-0.24684018173421585,-0.18295681291134466,0.0,0.0,0.08,-1.61186638672443,16,14,43,0
epsilon_hybrid_k3,truncated_hybrid,20,1,-0.2951058972922624,-0.20317817306262728,0.0,0.0,0.045,-1.7529290299160385,9,21,26,0
epsilon_hybrid_k5,truncated_hybrid,20,1,-0.3596938864284682,-0.20317817306262728,0.0,0.0,0.01,-1.8811990260208886,2,47,34,0
epsilon,action_cb,20,2,-0.1620162917048036,-0.14171498137861674,0.0,0.0,0.01,-0.6399643522339744,2,194,4,0
epsilon,strategy_cb,20,2,-0.026332414691452852,-0.15352694077268284,0.0,0.0,0.12,-0.17300396452284517,24,153,23,0
epsilon_hybrid_k1,truncated_hybrid,20,2,-0.19366632226552052,-0.1528528639423442,0.0,0.0,0.135,-1.5822538529093026,27,0,32,0
epsilon_hybrid_k2,truncated_hybrid,20,2,-0.5819228262302029,-0.5819228262302029,0.0,0.0,0.0,-1.1638456524604057,0,200,0,0
epsilon_hybrid_k3,truncated_hybrid,20,2,-0.5819228262302029,-0.5819228262302029,0.0,0.0,0.0,-1.1638456524604057,0,200,0,0
epsilon_hybrid_k5,truncated_hybrid,20,2,-0.5819228262302029,-0.5819228262302029,0.0,0.0,0.0,-1.1638456524604057,0,200,0,0
epsilon,action_cb,20,3,-0.1609741934806022,-0.15550372886094257,0.0,0.0,0.0,-3.072192482577293,0,0,23,177
epsilon,strategy_cb,20,3,-0.026535741790241898,-0.16246008786385283,0.0,0.0,0.175,-0.17725875515881595,35,127,16,0
epsilon_hybrid_k1,truncated_hybrid,20,3,-0.2229690562758753,-0.16606770084928438,0.0,0.0,0.095,-1.8160829633670046,19,0,32,0
epsilon_hybrid_k2,truncated_hybrid,20,3,-0.2412946333060947,-0.16345069211339786,0.0,0.0,0.065,-2.0703079537662927,13,0,32,0
epsilon_hybrid_k3,truncated_hybrid,20,3,-0.2544500762367879,-0.16504286780455546,0.0,0.0,0.04,-2.2442496724084697,8,0,28,0
epsilon_hybrid_k5,truncated_hybrid,20,3,-0.2686950784822971,-0.16504286780455546,0.0,0.0,0.0,-2.594250982746579,0,0,26,0
